Nombre,Apellidos,Correo electrónico,Lista,Estado,Tipo de aceptación,Creado el
"locashop.cat@gmail.com","","locashop.cat@gmail.com","Subscriptos al blog","Subscribed","Single Opt-In","2022-08-17 19:46:19"
"info SXL","","info@sexshoplorena.com","Subscriptos al blog","Unsubscribed","Double Opt-In","2022-08-17 19:46:19"
"","","mroyo224@xtec.cat","Subscriptos al blog","Subscribed","Single Opt-In","2024-08-15 18:29:59"
"","","noemasden@gmail.com","Subscriptos al blog","Subscribed","Single Opt-In","2024-08-15 18:29:59"
"","","maigis@hotmail.com","Subscriptos al blog","Subscribed","Single Opt-In","2024-08-15 18:29:59"
"","","nuriasorianosabate@gmail.com","Subscriptos al blog","Subscribed","Single Opt-In","2024-08-15 18:29:59"
"","","jennibalague22@gmail.com","Subscriptos al blog","Subscribed","Single Opt-In","2024-08-15 18:29:59"
"","","estherescu_7@hotmail.com","Subscriptos al blog","Subscribed","Single Opt-In","2024-08-15 18:29:59"
"","","sonia.masden@gmail.com","Subscriptos al blog","Subscribed","Single Opt-In","2024-08-15 18:29:59"
"","","yolanda.meca.blanch@hotmail.com","Subscriptos al blog","Subscribed","Single Opt-In","2024-08-15 18:29:59"
"","","arkanum.la@gmail.com","Subscriptos al blog","Subscribed","Single Opt-In","2024-08-15 18:29:59"
"","","vanemik@hotmail.es","Subscriptos al blog","Subscribed","Single Opt-In","2024-08-15 18:29:59"
"","","erika_ferrate@hotmail.com","Subscriptos al blog","Subscribed","Single Opt-In","2024-08-15 18:29:59"
"","","immaventurarullo@gmail.com","Subscriptos al blog","Subscribed","Single Opt-In","2024-08-15 18:29:59"
"","","jtomasl@advocatstortosa.org","Subscriptos al blog","Subscribed","Single Opt-In","2024-08-15 18:29:59"
"","","naomi0821@hotmail.com","Subscriptos al blog","Subscribed","Single Opt-In","2024-08-15 18:29:59"
"","","ariadnareverte@gmail.com","Subscriptos al blog","Subscribed","Single Opt-In","2024-08-15 18:29:59"
"","","marta15_41@hotmail.com","Subscriptos al blog","Subscribed","Single Opt-In","2024-08-15 18:29:59"
"","","mariajesusmasia@gmail.com","Subscriptos al blog","Subscribed","Single Opt-In","2024-08-15 18:29:59"
"","","lolycardoso1972@gmail.com","Subscriptos al blog","Subscribed","Single Opt-In","2024-08-15 18:29:59"
"","","vmartineznavarrete@gmail.com","Subscriptos al blog","Subscribed","Single Opt-In","2024-08-15 18:29:59"
"","","manualitats.lluna@gmail.com","Subscriptos al blog","Subscribed","Single Opt-In","2024-08-15 18:29:59"
"","","terecapella2010@hotmail.com","Subscriptos al blog","Subscribed","Single Opt-In","2024-08-15 18:29:59"
"","","asuncaal77@gmail.com","Subscriptos al blog","Subscribed","Single Opt-In","2024-08-15 18:29:59"
"","","yolandamorellocordero@gmail.com","Subscriptos al blog","Subscribed","Single Opt-In","2024-08-15 18:29:59"
"","","teredias84@gmail.com","Subscriptos al blog","Subscribed","Single Opt-In","2024-08-15 18:29:59"
"","","amanda.aguilera1302@gmail.com","Subscriptos al blog","Subscribed","Single Opt-In","2024-08-15 18:29:59"
"","","iagarriga00@gmail.com","Subscriptos al blog","Subscribed","Single Opt-In","2024-08-15 18:29:59"
"","","monigarolera@gmail.com","Subscriptos al blog","Subscribed","Single Opt-In","2024-08-15 18:29:59"
"","","erola.garriga@gmail.com","Subscriptos al blog","Subscribed","Single Opt-In","2024-08-15 18:29:59"
"","","isaura.roura@gmail.com","Subscriptos al blog","Subscribed","Single Opt-In","2024-08-15 18:29:59"
"","","vaneseta.pr@gmail.com","Subscriptos al blog","Subscribed","Single Opt-In","2024-08-15 18:29:59"
"","","maritpb.mtp@gmail.com","Subscriptos al blog","Subscribed","Single Opt-In","2024-08-15 18:29:59"
"","","rmrallo84@gmail.com","Subscriptos al blog","Subscribed","Single Opt-In","2024-08-15 18:29:59"
"","","roal.tere@gmail.com","Subscriptos al blog","Subscribed","Single Opt-In","2024-08-15 18:29:59"
"","","rakel.rodriguez.1977@gmail.com","Subscriptos al blog","Subscribed","Single Opt-In","2024-08-15 18:29:59"
"","","abrilmartia@gmail.com","Subscriptos al blog","Subscribed","Single Opt-In","2024-08-15 18:29:59"
"","","salomerobu@gmail.com","Subscriptos al blog","Subscribed","Single Opt-In","2024-08-15 18:29:59"
"","","mireia_24@hotmail.es","Subscriptos al blog","Subscribed","Single Opt-In","2024-08-15 18:29:59"
"","","mireia_24@hotmail.es","Nuevo registro","Subscribed","Single Opt-In","2024-08-15 18:29:59"
"","","neusbc83@gmail.com","Subscriptos al blog","Subscribed","Single Opt-In","2024-08-15 18:29:59"
"","","martaobiol@hotmail.com","Subscriptos al blog","Subscribed","Single Opt-In","2024-08-15 18:29:59"
"","","mgil2244@xtec.cat","Subscriptos al blog","Subscribed","Single Opt-In","2024-08-15 18:29:59"
"","","samper23@hotmail.com","Subscriptos al blog","Subscribed","Single Opt-In","2024-08-15 18:29:59"
"","","ainhoacg82@hotmail.com","Subscriptos al blog","Subscribed","Single Opt-In","2024-08-15 18:29:59"
"","","spainatura@hotmail.com","Subscriptos al blog","Subscribed","Single Opt-In","2024-08-15 18:29:59"
"","","manel.zaragoza1979@gmail.com","Subscriptos al blog","Subscribed","Single Opt-In","2024-08-15 18:29:59"
"","","cris_cal@hotmail.com","Subscriptos al blog","Subscribed","Single Opt-In","2024-08-15 18:29:59"
"","","marinaroviraiboix@gmail.com","Subscriptos al blog","Subscribed","Single Opt-In","2024-08-15 18:29:59"
"","","marinsugus@gmail.com","Subscriptos al blog","Subscribed","Single Opt-In","2024-08-15 18:29:59"
"","","dayan_recio@hotmail.com","Subscriptos al blog","Subscribed","Single Opt-In","2024-08-15 18:29:59"
"","","gatxetophon@hotmail.com","Subscriptos al blog","Subscribed","Single Opt-In","2024-08-15 18:29:59"
"","","gatereta@hotmail.com","Subscriptos al blog","Subscribed","Single Opt-In","2024-08-15 18:29:59"
"","","cristinamarinbaz@gmail.com","Subscriptos al blog","Subscribed","Single Opt-In","2024-08-15 18:29:59"
"","","sonia_galan@hotmail.es","Subscriptos al blog","Subscribed","Single Opt-In","2024-08-15 18:29:59"
"","","quimjuanc@gmail.com","Subscriptos al blog","Subscribed","Single Opt-In","2024-08-15 18:29:59"
"","","avidalpepiol@gmail.com","Subscriptos al blog","Subscribed","Single Opt-In","2024-08-15 18:29:59"
"","","jdtmorascabanes@gmail.com","Subscriptos al blog","Subscribed","Single Opt-In","2024-08-15 18:29:59"
"","","kristimumo@gmail.com","Subscriptos al blog","Subscribed","Single Opt-In","2024-08-15 18:29:59"
"Javi","Martin Martin","javimartinmartin82@gmail.com","Subscriptos al blog","Subscribed","Double Opt-In","2024-08-15 18:29:59"
"","","planeraldeana@gmail.com","Subscriptos al blog","Subscribed","Single Opt-In","2024-08-15 18:29:59"
"","","vilampi@gmail.com","Subscriptos al blog","Subscribed","Single Opt-In","2024-08-15 18:29:59"
"","","neuspepio3@gmail.com","Subscriptos al blog","Subscribed","Single Opt-In","2024-08-15 18:29:59"
"Ana Carmen","Rodera","anacarmenrodera74@gmail.com","Subscriptos al blog","Subscribed","Double Opt-In","2024-08-15 18:29:59"
"","","fran.moyota15@gmail.com","Subscriptos al blog","Subscribed","Single Opt-In","2024-08-15 18:29:59"
"","","carlos.italeri.carlos.italeri@gmail.com","Subscriptos al blog","Subscribed","Single Opt-In","2024-08-15 18:29:59"
"Mari Carmen","García salvador","marigarciasalvador@gmail.com","Nuevo subscriptor","Subscribed","Double Opt-In","2025-03-07 23:08:49"
"Carol","Lima","mcarolinalimabarros@gmail.com","Nuevo subscriptor","Subscribed","Double Opt-In","2025-03-08 10:36:33"
"Cristian Morales","","cristianmoralespaez96@gmail.com","Nuevo registro","Subscribed","Single Opt-In","2025-03-12 00:25:58"
"Radu Moldovan","","raducu8073@gmail.com","Nuevo registro","Subscribed","Single Opt-In","2025-03-12 00:25:58"
"Silvia Cuella","","silvia.cuella@hotmail.com","Nuevo registro","Subscribed","Single Opt-In","2025-03-12 00:25:58"
"Rosa Gilabert espinos","","cjosep88@gmail.com","Nuevo registro","Subscribed","Single Opt-In","2025-03-12 00:25:58"
"alexandra kusma","","alexutzaa08@hotmail.com","Nuevo registro","Subscribed","Single Opt-In","2025-03-12 00:25:58"
"Holman Castro","","britter.castro1988@gmail.com","Nuevo registro","Subscribed","Single Opt-In","2025-03-12 00:25:58"
"Associació Dones la Quartera de Falset","","donesquartera@gmail.com","Nuevo registro","Subscribed","Single Opt-In","2025-03-12 00:25:58"
"Maite Ribot","","maiteribot@gmail.com","Nuevo registro","Subscribed","Single Opt-In","2025-03-12 00:25:58"
"Saray Ventura Mulet","","holistiksaray@gmail.com","Nuevo registro","Subscribed","Single Opt-In","2025-03-12 00:25:58"
"Juan Sebastián Beltran oicata","","juansebastian2496@hotmail.com","Nuevo registro","Subscribed","Single Opt-In","2025-03-12 00:25:58"
"Alba Vaqué Farnós","","albeta_0912@hotmail.com","Nuevo registro","Subscribed","Single Opt-In","2025-03-12 00:25:58"
"Sophie Gautier","","lestravauxdesophie@yahoo.fr","Nuevo registro","Subscribed","Single Opt-In","2025-03-12 00:25:58"
"Carlos Sabate","","csabate@bariperfil.es","Nuevo registro","Subscribed","Single Opt-In","2025-03-12 00:25:58"
"Sebastià Doménech Pons","","domenechsebastia3@gmail.com","Nuevo registro","Subscribed","Single Opt-In","2025-03-12 00:25:58"
"RAFAEL MONTSERRAT BARTRA","","rmontserratb@gmail.com","Nuevo registro","Subscribed","Single Opt-In","2025-03-12 00:25:58"
"Aira Ferreira","","airaferreira71@gmail.com","Nuevo registro","Subscribed","Single Opt-In","2025-03-12 00:25:58"
"Carolina Cobos","","carolinacobos2001@gmail.com","Nuevo registro","Subscribed","Single Opt-In","2025-03-12 00:25:58"
"Maria Teresa Capella Bertomeu","","terecapella29@gmail.com","Nuevo registro","Subscribed","Single Opt-In","2025-03-12 00:25:58"
"Javier Gamboa","","jjavierr8.6@gmail.com","Nuevo registro","Subscribed","Single Opt-In","2025-03-12 00:25:58"
"Alfredo Alves Ferreira","","ferreiralves61@gmail.com","Nuevo registro","Subscribed","Single Opt-In","2025-03-12 00:25:58"
"Jordi Pitart panisello","","jordipitart@gmail.com","Nuevo registro","Subscribed","Single Opt-In","2025-03-12 00:25:58"
"Antonio Abenza Belchi","","a_abenchi@hotmail.com","Nuevo registro","Subscribed","Single Opt-In","2025-03-12 00:25:58"
"Agusti Valldeperez Chavarria","","agusti.valldeperez@hotmail.com","Nuevo registro","Subscribed","Single Opt-In","2025-03-12 00:25:58"
"Jaquelin Bertomeu Mulet","","rijr1@hotmail.com","Nuevo registro","Subscribed","Single Opt-In","2025-03-12 00:25:58"
"Lorena Tomàs Alcoverro","","sergibateanet@hotmail.com","Nuevo registro","Subscribed","Single Opt-In","2025-03-12 00:25:58"
"María jose Félez iborte","","mariajose_felez@hotmail.com","Nuevo registro","Subscribed","Single Opt-In","2025-03-12 00:25:58"
"Lassana Diaby","","izibaile@hotmail.com","Nuevo registro","Subscribed","Single Opt-In","2025-03-12 00:25:58"
"rinato gonsales","","vlasshichkin@gmail.com","Nuevo registro","Subscribed","Single Opt-In","2025-03-12 00:25:58"
"Neus Pepio","","neus_1985@hotmail.es","Nuevo registro","Subscribed","Single Opt-In","2025-03-12 00:25:58"
"Maika Bedos Beltran","","maikabedos16@gmail.com","Nuevo registro","Subscribed","Single Opt-In","2025-03-12 00:25:58"
"Anton Yurkov","","anton.yurkou@gmail.com","Nuevo registro","Subscribed","Single Opt-In","2025-03-12 00:25:58"
"Denisse Lozano Lopez","","deniisse48@gmail.com","Nuevo registro","Subscribed","Single Opt-In","2025-03-12 00:25:58"
"Jessica Copa Roca","","jecacopa@hotmail.com","Nuevo registro","Subscribed","Single Opt-In","2025-03-12 00:25:58"
"Andrea Poveda Romero","","andreapovedar@gmail.com","Nuevo registro","Subscribed","Single Opt-In","2025-03-12 00:25:58"
"Joana zoraida Serrat.fatsini","","joanazoraida19222600@gmail.com","Nuevo registro","Subscribed","Single Opt-In","2025-03-12 00:25:58"
"Elisabet Perpiña Pérez","","eli@aktiu.com","Nuevo registro","Subscribed","Single Opt-In","2025-03-12 00:25:58"
"juanjo Gasulla villarroya","","juanjogasulla74@gmail.com","Nuevo registro","Subscribed","Single Opt-In","2025-03-12 00:25:58"
"Associació de Dones de Gandesa La dona Gandesana","","assdonagandesana@gmail.com","Nuevo registro","Subscribed","Single Opt-In","2025-03-12 00:25:58"
"Laura Aliaga","","ururita@hotmail.com","Nuevo registro","Subscribed","Single Opt-In","2025-03-12 00:25:58"
"Dorin Pirvu","","pirvu.dorin96@gmail.com","Nuevo registro","Subscribed","Single Opt-In","2025-03-12 00:25:58"
"Erica Baires","","ericabaires75@gmail.com","Nuevo registro","Subscribed","Single Opt-In","2025-03-12 00:25:58"
"Ivan Castro","","ivanjo0618@hotmail.com","Nuevo registro","Subscribed","Single Opt-In","2025-03-12 00:25:58"
"Maria Jerús","Cervera Monllau","mariajesus@apasa.org","Nuevo registro","Subscribed","Double Opt-In","2025-03-12 00:49:47"
"Juanjo","","gatodeluna13@hotmail.com","Nuevo subscriptor","Subscribed","Double Opt-In","2025-03-15 15:12:03"
"Juan","Jose Rodríguez","juanjose.rodriguez2017@gmail.com","Subscriptos al blog","Subscribed","Double Opt-In","2025-06-16 00:23:32"
"Adrián","Zapata Barreta","adrian.zapata.barrera@gmail.com","Subscriptos al blog","Subscribed","Double Opt-In","2025-10-16 11:59:33"
"Miguel","Barona","miguelangelbarona187@gmail.com","Subscriptos al blog","Subscribed","Double Opt-In","2025-11-26 20:40:08"
"Jorge","Juan Durán Rubiales","pirates@hotmail.com","Subscriptos al blog","Subscribed","Double Opt-In","2025-12-26 18:22:37"
"erka06tena","","erka06tena@gmail.com","Subscriptos al blog","Subscribed","Double Opt-In","2026-05-27 21:38:35"