First Name,Last Name,Email,Accepts Email Marketing,Accepts SMS Marketing,Tags,Note
locashop.cat@gmail.com,,locashop.cat@gmail.com,yes,no,"newsletter, wordpress-import, subscriptos-al-blog",Importado desde CSV original LovLory. Lista: Subscriptos al blog. Tipo aceptación: Single Opt-In. Fecha origen: 2022-08-17 19:46:19.
,,mroyo224@xtec.cat,yes,no,"newsletter, wordpress-import, subscriptos-al-blog",Importado desde CSV original LovLory. Lista: Subscriptos al blog. Tipo aceptación: Single Opt-In. Fecha origen: 2024-08-15 18:29:59.
,,noemasden@gmail.com,yes,no,"newsletter, wordpress-import, subscriptos-al-blog",Importado desde CSV original LovLory. Lista: Subscriptos al blog. Tipo aceptación: Single Opt-In. Fecha origen: 2024-08-15 18:29:59.
,,maigis@hotmail.com,yes,no,"newsletter, wordpress-import, subscriptos-al-blog",Importado desde CSV original LovLory. Lista: Subscriptos al blog. Tipo aceptación: Single Opt-In. Fecha origen: 2024-08-15 18:29:59.
,,nuriasorianosabate@gmail.com,yes,no,"newsletter, wordpress-import, subscriptos-al-blog",Importado desde CSV original LovLory. Lista: Subscriptos al blog. Tipo aceptación: Single Opt-In. Fecha origen: 2024-08-15 18:29:59.
,,jennibalague22@gmail.com,yes,no,"newsletter, wordpress-import, subscriptos-al-blog",Importado desde CSV original LovLory. Lista: Subscriptos al blog. Tipo aceptación: Single Opt-In. Fecha origen: 2024-08-15 18:29:59.
,,estherescu_7@hotmail.com,yes,no,"newsletter, wordpress-import, subscriptos-al-blog",Importado desde CSV original LovLory. Lista: Subscriptos al blog. Tipo aceptación: Single Opt-In. Fecha origen: 2024-08-15 18:29:59.
,,sonia.masden@gmail.com,yes,no,"newsletter, wordpress-import, subscriptos-al-blog",Importado desde CSV original LovLory. Lista: Subscriptos al blog. Tipo aceptación: Single Opt-In. Fecha origen: 2024-08-15 18:29:59.
,,yolanda.meca.blanch@hotmail.com,yes,no,"newsletter, wordpress-import, subscriptos-al-blog",Importado desde CSV original LovLory. Lista: Subscriptos al blog. Tipo aceptación: Single Opt-In. Fecha origen: 2024-08-15 18:29:59.
,,arkanum.la@gmail.com,yes,no,"newsletter, wordpress-import, subscriptos-al-blog",Importado desde CSV original LovLory. Lista: Subscriptos al blog. Tipo aceptación: Single Opt-In. Fecha origen: 2024-08-15 18:29:59.
,,vanemik@hotmail.es,yes,no,"newsletter, wordpress-import, subscriptos-al-blog",Importado desde CSV original LovLory. Lista: Subscriptos al blog. Tipo aceptación: Single Opt-In. Fecha origen: 2024-08-15 18:29:59.
,,erika_ferrate@hotmail.com,yes,no,"newsletter, wordpress-import, subscriptos-al-blog",Importado desde CSV original LovLory. Lista: Subscriptos al blog. Tipo aceptación: Single Opt-In. Fecha origen: 2024-08-15 18:29:59.
,,immaventurarullo@gmail.com,yes,no,"newsletter, wordpress-import, subscriptos-al-blog",Importado desde CSV original LovLory. Lista: Subscriptos al blog. Tipo aceptación: Single Opt-In. Fecha origen: 2024-08-15 18:29:59.
,,jtomasl@advocatstortosa.org,yes,no,"newsletter, wordpress-import, subscriptos-al-blog",Importado desde CSV original LovLory. Lista: Subscriptos al blog. Tipo aceptación: Single Opt-In. Fecha origen: 2024-08-15 18:29:59.
,,naomi0821@hotmail.com,yes,no,"newsletter, wordpress-import, subscriptos-al-blog",Importado desde CSV original LovLory. Lista: Subscriptos al blog. Tipo aceptación: Single Opt-In. Fecha origen: 2024-08-15 18:29:59.
,,ariadnareverte@gmail.com,yes,no,"newsletter, wordpress-import, subscriptos-al-blog",Importado desde CSV original LovLory. Lista: Subscriptos al blog. Tipo aceptación: Single Opt-In. Fecha origen: 2024-08-15 18:29:59.
,,marta15_41@hotmail.com,yes,no,"newsletter, wordpress-import, subscriptos-al-blog",Importado desde CSV original LovLory. Lista: Subscriptos al blog. Tipo aceptación: Single Opt-In. Fecha origen: 2024-08-15 18:29:59.
,,mariajesusmasia@gmail.com,yes,no,"newsletter, wordpress-import, subscriptos-al-blog",Importado desde CSV original LovLory. Lista: Subscriptos al blog. Tipo aceptación: Single Opt-In. Fecha origen: 2024-08-15 18:29:59.
,,lolycardoso1972@gmail.com,yes,no,"newsletter, wordpress-import, subscriptos-al-blog",Importado desde CSV original LovLory. Lista: Subscriptos al blog. Tipo aceptación: Single Opt-In. Fecha origen: 2024-08-15 18:29:59.
,,vmartineznavarrete@gmail.com,yes,no,"newsletter, wordpress-import, subscriptos-al-blog",Importado desde CSV original LovLory. Lista: Subscriptos al blog. Tipo aceptación: Single Opt-In. Fecha origen: 2024-08-15 18:29:59.
,,manualitats.lluna@gmail.com,yes,no,"newsletter, wordpress-import, subscriptos-al-blog",Importado desde CSV original LovLory. Lista: Subscriptos al blog. Tipo aceptación: Single Opt-In. Fecha origen: 2024-08-15 18:29:59.
,,terecapella2010@hotmail.com,yes,no,"newsletter, wordpress-import, subscriptos-al-blog",Importado desde CSV original LovLory. Lista: Subscriptos al blog. Tipo aceptación: Single Opt-In. Fecha origen: 2024-08-15 18:29:59.
,,asuncaal77@gmail.com,yes,no,"newsletter, wordpress-import, subscriptos-al-blog",Importado desde CSV original LovLory. Lista: Subscriptos al blog. Tipo aceptación: Single Opt-In. Fecha origen: 2024-08-15 18:29:59.
,,yolandamorellocordero@gmail.com,yes,no,"newsletter, wordpress-import, subscriptos-al-blog",Importado desde CSV original LovLory. Lista: Subscriptos al blog. Tipo aceptación: Single Opt-In. Fecha origen: 2024-08-15 18:29:59.
,,teredias84@gmail.com,yes,no,"newsletter, wordpress-import, subscriptos-al-blog",Importado desde CSV original LovLory. Lista: Subscriptos al blog. Tipo aceptación: Single Opt-In. Fecha origen: 2024-08-15 18:29:59.
,,amanda.aguilera1302@gmail.com,yes,no,"newsletter, wordpress-import, subscriptos-al-blog",Importado desde CSV original LovLory. Lista: Subscriptos al blog. Tipo aceptación: Single Opt-In. Fecha origen: 2024-08-15 18:29:59.
,,iagarriga00@gmail.com,yes,no,"newsletter, wordpress-import, subscriptos-al-blog",Importado desde CSV original LovLory. Lista: Subscriptos al blog. Tipo aceptación: Single Opt-In. Fecha origen: 2024-08-15 18:29:59.
,,monigarolera@gmail.com,yes,no,"newsletter, wordpress-import, subscriptos-al-blog",Importado desde CSV original LovLory. Lista: Subscriptos al blog. Tipo aceptación: Single Opt-In. Fecha origen: 2024-08-15 18:29:59.
,,erola.garriga@gmail.com,yes,no,"newsletter, wordpress-import, subscriptos-al-blog",Importado desde CSV original LovLory. Lista: Subscriptos al blog. Tipo aceptación: Single Opt-In. Fecha origen: 2024-08-15 18:29:59.
,,isaura.roura@gmail.com,yes,no,"newsletter, wordpress-import, subscriptos-al-blog",Importado desde CSV original LovLory. Lista: Subscriptos al blog. Tipo aceptación: Single Opt-In. Fecha origen: 2024-08-15 18:29:59.
,,vaneseta.pr@gmail.com,yes,no,"newsletter, wordpress-import, subscriptos-al-blog",Importado desde CSV original LovLory. Lista: Subscriptos al blog. Tipo aceptación: Single Opt-In. Fecha origen: 2024-08-15 18:29:59.
,,maritpb.mtp@gmail.com,yes,no,"newsletter, wordpress-import, subscriptos-al-blog",Importado desde CSV original LovLory. Lista: Subscriptos al blog. Tipo aceptación: Single Opt-In. Fecha origen: 2024-08-15 18:29:59.
,,rmrallo84@gmail.com,yes,no,"newsletter, wordpress-import, subscriptos-al-blog",Importado desde CSV original LovLory. Lista: Subscriptos al blog. Tipo aceptación: Single Opt-In. Fecha origen: 2024-08-15 18:29:59.
,,roal.tere@gmail.com,yes,no,"newsletter, wordpress-import, subscriptos-al-blog",Importado desde CSV original LovLory. Lista: Subscriptos al blog. Tipo aceptación: Single Opt-In. Fecha origen: 2024-08-15 18:29:59.
,,rakel.rodriguez.1977@gmail.com,yes,no,"newsletter, wordpress-import, subscriptos-al-blog",Importado desde CSV original LovLory. Lista: Subscriptos al blog. Tipo aceptación: Single Opt-In. Fecha origen: 2024-08-15 18:29:59.
,,abrilmartia@gmail.com,yes,no,"newsletter, wordpress-import, subscriptos-al-blog",Importado desde CSV original LovLory. Lista: Subscriptos al blog. Tipo aceptación: Single Opt-In. Fecha origen: 2024-08-15 18:29:59.
,,salomerobu@gmail.com,yes,no,"newsletter, wordpress-import, subscriptos-al-blog",Importado desde CSV original LovLory. Lista: Subscriptos al blog. Tipo aceptación: Single Opt-In. Fecha origen: 2024-08-15 18:29:59.
,,mireia_24@hotmail.es,yes,no,"newsletter, wordpress-import, subscriptos-al-blog",Importado desde CSV original LovLory. Lista: Subscriptos al blog. Tipo aceptación: Single Opt-In. Fecha origen: 2024-08-15 18:29:59.
,,neusbc83@gmail.com,yes,no,"newsletter, wordpress-import, subscriptos-al-blog",Importado desde CSV original LovLory. Lista: Subscriptos al blog. Tipo aceptación: Single Opt-In. Fecha origen: 2024-08-15 18:29:59.
,,martaobiol@hotmail.com,yes,no,"newsletter, wordpress-import, subscriptos-al-blog",Importado desde CSV original LovLory. Lista: Subscriptos al blog. Tipo aceptación: Single Opt-In. Fecha origen: 2024-08-15 18:29:59.
,,mgil2244@xtec.cat,yes,no,"newsletter, wordpress-import, subscriptos-al-blog",Importado desde CSV original LovLory. Lista: Subscriptos al blog. Tipo aceptación: Single Opt-In. Fecha origen: 2024-08-15 18:29:59.
,,samper23@hotmail.com,yes,no,"newsletter, wordpress-import, subscriptos-al-blog",Importado desde CSV original LovLory. Lista: Subscriptos al blog. Tipo aceptación: Single Opt-In. Fecha origen: 2024-08-15 18:29:59.
,,ainhoacg82@hotmail.com,yes,no,"newsletter, wordpress-import, subscriptos-al-blog",Importado desde CSV original LovLory. Lista: Subscriptos al blog. Tipo aceptación: Single Opt-In. Fecha origen: 2024-08-15 18:29:59.
,,spainatura@hotmail.com,yes,no,"newsletter, wordpress-import, subscriptos-al-blog",Importado desde CSV original LovLory. Lista: Subscriptos al blog. Tipo aceptación: Single Opt-In. Fecha origen: 2024-08-15 18:29:59.
,,manel.zaragoza1979@gmail.com,yes,no,"newsletter, wordpress-import, subscriptos-al-blog",Importado desde CSV original LovLory. Lista: Subscriptos al blog. Tipo aceptación: Single Opt-In. Fecha origen: 2024-08-15 18:29:59.
,,cris_cal@hotmail.com,yes,no,"newsletter, wordpress-import, subscriptos-al-blog",Importado desde CSV original LovLory. Lista: Subscriptos al blog. Tipo aceptación: Single Opt-In. Fecha origen: 2024-08-15 18:29:59.
,,marinaroviraiboix@gmail.com,yes,no,"newsletter, wordpress-import, subscriptos-al-blog",Importado desde CSV original LovLory. Lista: Subscriptos al blog. Tipo aceptación: Single Opt-In. Fecha origen: 2024-08-15 18:29:59.
,,marinsugus@gmail.com,yes,no,"newsletter, wordpress-import, subscriptos-al-blog",Importado desde CSV original LovLory. Lista: Subscriptos al blog. Tipo aceptación: Single Opt-In. Fecha origen: 2024-08-15 18:29:59.
,,dayan_recio@hotmail.com,yes,no,"newsletter, wordpress-import, subscriptos-al-blog",Importado desde CSV original LovLory. Lista: Subscriptos al blog. Tipo aceptación: Single Opt-In. Fecha origen: 2024-08-15 18:29:59.
,,gatxetophon@hotmail.com,yes,no,"newsletter, wordpress-import, subscriptos-al-blog",Importado desde CSV original LovLory. Lista: Subscriptos al blog. Tipo aceptación: Single Opt-In. Fecha origen: 2024-08-15 18:29:59.
,,gatereta@hotmail.com,yes,no,"newsletter, wordpress-import, subscriptos-al-blog",Importado desde CSV original LovLory. Lista: Subscriptos al blog. Tipo aceptación: Single Opt-In. Fecha origen: 2024-08-15 18:29:59.
,,cristinamarinbaz@gmail.com,yes,no,"newsletter, wordpress-import, subscriptos-al-blog",Importado desde CSV original LovLory. Lista: Subscriptos al blog. Tipo aceptación: Single Opt-In. Fecha origen: 2024-08-15 18:29:59.
,,sonia_galan@hotmail.es,yes,no,"newsletter, wordpress-import, subscriptos-al-blog",Importado desde CSV original LovLory. Lista: Subscriptos al blog. Tipo aceptación: Single Opt-In. Fecha origen: 2024-08-15 18:29:59.
,,quimjuanc@gmail.com,yes,no,"newsletter, wordpress-import, subscriptos-al-blog",Importado desde CSV original LovLory. Lista: Subscriptos al blog. Tipo aceptación: Single Opt-In. Fecha origen: 2024-08-15 18:29:59.
,,avidalpepiol@gmail.com,yes,no,"newsletter, wordpress-import, subscriptos-al-blog",Importado desde CSV original LovLory. Lista: Subscriptos al blog. Tipo aceptación: Single Opt-In. Fecha origen: 2024-08-15 18:29:59.
,,jdtmorascabanes@gmail.com,yes,no,"newsletter, wordpress-import, subscriptos-al-blog",Importado desde CSV original LovLory. Lista: Subscriptos al blog. Tipo aceptación: Single Opt-In. Fecha origen: 2024-08-15 18:29:59.
,,kristimumo@gmail.com,yes,no,"newsletter, wordpress-import, subscriptos-al-blog",Importado desde CSV original LovLory. Lista: Subscriptos al blog. Tipo aceptación: Single Opt-In. Fecha origen: 2024-08-15 18:29:59.
Javi,Martin Martin,javimartinmartin82@gmail.com,yes,no,"newsletter, wordpress-import, subscriptos-al-blog",Importado desde CSV original LovLory. Lista: Subscriptos al blog. Tipo aceptación: Double Opt-In. Fecha origen: 2024-08-15 18:29:59.
,,planeraldeana@gmail.com,yes,no,"newsletter, wordpress-import, subscriptos-al-blog",Importado desde CSV original LovLory. Lista: Subscriptos al blog. Tipo aceptación: Single Opt-In. Fecha origen: 2024-08-15 18:29:59.
,,vilampi@gmail.com,yes,no,"newsletter, wordpress-import, subscriptos-al-blog",Importado desde CSV original LovLory. Lista: Subscriptos al blog. Tipo aceptación: Single Opt-In. Fecha origen: 2024-08-15 18:29:59.
,,neuspepio3@gmail.com,yes,no,"newsletter, wordpress-import, subscriptos-al-blog",Importado desde CSV original LovLory. Lista: Subscriptos al blog. Tipo aceptación: Single Opt-In. Fecha origen: 2024-08-15 18:29:59.
Ana Carmen,Rodera,anacarmenrodera74@gmail.com,yes,no,"newsletter, wordpress-import, subscriptos-al-blog",Importado desde CSV original LovLory. Lista: Subscriptos al blog. Tipo aceptación: Double Opt-In. Fecha origen: 2024-08-15 18:29:59.
,,fran.moyota15@gmail.com,yes,no,"newsletter, wordpress-import, subscriptos-al-blog",Importado desde CSV original LovLory. Lista: Subscriptos al blog. Tipo aceptación: Single Opt-In. Fecha origen: 2024-08-15 18:29:59.
,,carlos.italeri.carlos.italeri@gmail.com,yes,no,"newsletter, wordpress-import, subscriptos-al-blog",Importado desde CSV original LovLory. Lista: Subscriptos al blog. Tipo aceptación: Single Opt-In. Fecha origen: 2024-08-15 18:29:59.
Mari Carmen,García salvador,marigarciasalvador@gmail.com,yes,no,"newsletter, wordpress-import, nuevo-subscriptor",Importado desde CSV original LovLory. Lista: Nuevo subscriptor. Tipo aceptación: Double Opt-In. Fecha origen: 2025-03-07 23:08:49.
Carol,Lima,mcarolinalimabarros@gmail.com,yes,no,"newsletter, wordpress-import, nuevo-subscriptor",Importado desde CSV original LovLory. Lista: Nuevo subscriptor. Tipo aceptación: Double Opt-In. Fecha origen: 2025-03-08 10:36:33.
Cristian Morales,,cristianmoralespaez96@gmail.com,yes,no,"newsletter, wordpress-import, nuevo-registro",Importado desde CSV original LovLory. Lista: Nuevo registro. Tipo aceptación: Single Opt-In. Fecha origen: 2025-03-12 00:25:58.
Radu Moldovan,,raducu8073@gmail.com,yes,no,"newsletter, wordpress-import, nuevo-registro",Importado desde CSV original LovLory. Lista: Nuevo registro. Tipo aceptación: Single Opt-In. Fecha origen: 2025-03-12 00:25:58.
Silvia Cuella,,silvia.cuella@hotmail.com,yes,no,"newsletter, wordpress-import, nuevo-registro",Importado desde CSV original LovLory. Lista: Nuevo registro. Tipo aceptación: Single Opt-In. Fecha origen: 2025-03-12 00:25:58.
Rosa Gilabert espinos,,cjosep88@gmail.com,yes,no,"newsletter, wordpress-import, nuevo-registro",Importado desde CSV original LovLory. Lista: Nuevo registro. Tipo aceptación: Single Opt-In. Fecha origen: 2025-03-12 00:25:58.
alexandra kusma,,alexutzaa08@hotmail.com,yes,no,"newsletter, wordpress-import, nuevo-registro",Importado desde CSV original LovLory. Lista: Nuevo registro. Tipo aceptación: Single Opt-In. Fecha origen: 2025-03-12 00:25:58.
Holman Castro,,britter.castro1988@gmail.com,yes,no,"newsletter, wordpress-import, nuevo-registro",Importado desde CSV original LovLory. Lista: Nuevo registro. Tipo aceptación: Single Opt-In. Fecha origen: 2025-03-12 00:25:58.
Associació Dones la Quartera de Falset,,donesquartera@gmail.com,yes,no,"newsletter, wordpress-import, nuevo-registro",Importado desde CSV original LovLory. Lista: Nuevo registro. Tipo aceptación: Single Opt-In. Fecha origen: 2025-03-12 00:25:58.
Maite Ribot,,maiteribot@gmail.com,yes,no,"newsletter, wordpress-import, nuevo-registro",Importado desde CSV original LovLory. Lista: Nuevo registro. Tipo aceptación: Single Opt-In. Fecha origen: 2025-03-12 00:25:58.
Saray Ventura Mulet,,holistiksaray@gmail.com,yes,no,"newsletter, wordpress-import, nuevo-registro",Importado desde CSV original LovLory. Lista: Nuevo registro. Tipo aceptación: Single Opt-In. Fecha origen: 2025-03-12 00:25:58.
Juan Sebastián Beltran oicata,,juansebastian2496@hotmail.com,yes,no,"newsletter, wordpress-import, nuevo-registro",Importado desde CSV original LovLory. Lista: Nuevo registro. Tipo aceptación: Single Opt-In. Fecha origen: 2025-03-12 00:25:58.
Alba Vaqué Farnós,,albeta_0912@hotmail.com,yes,no,"newsletter, wordpress-import, nuevo-registro",Importado desde CSV original LovLory. Lista: Nuevo registro. Tipo aceptación: Single Opt-In. Fecha origen: 2025-03-12 00:25:58.
Sophie Gautier,,lestravauxdesophie@yahoo.fr,yes,no,"newsletter, wordpress-import, nuevo-registro",Importado desde CSV original LovLory. Lista: Nuevo registro. Tipo aceptación: Single Opt-In. Fecha origen: 2025-03-12 00:25:58.
Carlos Sabate,,csabate@bariperfil.es,yes,no,"newsletter, wordpress-import, nuevo-registro",Importado desde CSV original LovLory. Lista: Nuevo registro. Tipo aceptación: Single Opt-In. Fecha origen: 2025-03-12 00:25:58.
Sebastià Doménech Pons,,domenechsebastia3@gmail.com,yes,no,"newsletter, wordpress-import, nuevo-registro",Importado desde CSV original LovLory. Lista: Nuevo registro. Tipo aceptación: Single Opt-In. Fecha origen: 2025-03-12 00:25:58.
RAFAEL MONTSERRAT BARTRA,,rmontserratb@gmail.com,yes,no,"newsletter, wordpress-import, nuevo-registro",Importado desde CSV original LovLory. Lista: Nuevo registro. Tipo aceptación: Single Opt-In. Fecha origen: 2025-03-12 00:25:58.
Aira Ferreira,,airaferreira71@gmail.com,yes,no,"newsletter, wordpress-import, nuevo-registro",Importado desde CSV original LovLory. Lista: Nuevo registro. Tipo aceptación: Single Opt-In. Fecha origen: 2025-03-12 00:25:58.
Carolina Cobos,,carolinacobos2001@gmail.com,yes,no,"newsletter, wordpress-import, nuevo-registro",Importado desde CSV original LovLory. Lista: Nuevo registro. Tipo aceptación: Single Opt-In. Fecha origen: 2025-03-12 00:25:58.
Maria Teresa Capella Bertomeu,,terecapella29@gmail.com,yes,no,"newsletter, wordpress-import, nuevo-registro",Importado desde CSV original LovLory. Lista: Nuevo registro. Tipo aceptación: Single Opt-In. Fecha origen: 2025-03-12 00:25:58.
Javier Gamboa,,jjavierr8.6@gmail.com,yes,no,"newsletter, wordpress-import, nuevo-registro",Importado desde CSV original LovLory. Lista: Nuevo registro. Tipo aceptación: Single Opt-In. Fecha origen: 2025-03-12 00:25:58.
Alfredo Alves Ferreira,,ferreiralves61@gmail.com,yes,no,"newsletter, wordpress-import, nuevo-registro",Importado desde CSV original LovLory. Lista: Nuevo registro. Tipo aceptación: Single Opt-In. Fecha origen: 2025-03-12 00:25:58.
Jordi Pitart panisello,,jordipitart@gmail.com,yes,no,"newsletter, wordpress-import, nuevo-registro",Importado desde CSV original LovLory. Lista: Nuevo registro. Tipo aceptación: Single Opt-In. Fecha origen: 2025-03-12 00:25:58.
Antonio Abenza Belchi,,a_abenchi@hotmail.com,yes,no,"newsletter, wordpress-import, nuevo-registro",Importado desde CSV original LovLory. Lista: Nuevo registro. Tipo aceptación: Single Opt-In. Fecha origen: 2025-03-12 00:25:58.
Agusti Valldeperez Chavarria,,agusti.valldeperez@hotmail.com,yes,no,"newsletter, wordpress-import, nuevo-registro",Importado desde CSV original LovLory. Lista: Nuevo registro. Tipo aceptación: Single Opt-In. Fecha origen: 2025-03-12 00:25:58.
Jaquelin Bertomeu Mulet,,rijr1@hotmail.com,yes,no,"newsletter, wordpress-import, nuevo-registro",Importado desde CSV original LovLory. Lista: Nuevo registro. Tipo aceptación: Single Opt-In. Fecha origen: 2025-03-12 00:25:58.
Lorena Tomàs Alcoverro,,sergibateanet@hotmail.com,yes,no,"newsletter, wordpress-import, nuevo-registro",Importado desde CSV original LovLory. Lista: Nuevo registro. Tipo aceptación: Single Opt-In. Fecha origen: 2025-03-12 00:25:58.
María jose Félez iborte,,mariajose_felez@hotmail.com,yes,no,"newsletter, wordpress-import, nuevo-registro",Importado desde CSV original LovLory. Lista: Nuevo registro. Tipo aceptación: Single Opt-In. Fecha origen: 2025-03-12 00:25:58.
Lassana Diaby,,izibaile@hotmail.com,yes,no,"newsletter, wordpress-import, nuevo-registro",Importado desde CSV original LovLory. Lista: Nuevo registro. Tipo aceptación: Single Opt-In. Fecha origen: 2025-03-12 00:25:58.
rinato gonsales,,vlasshichkin@gmail.com,yes,no,"newsletter, wordpress-import, nuevo-registro",Importado desde CSV original LovLory. Lista: Nuevo registro. Tipo aceptación: Single Opt-In. Fecha origen: 2025-03-12 00:25:58.
Neus Pepio,,neus_1985@hotmail.es,yes,no,"newsletter, wordpress-import, nuevo-registro",Importado desde CSV original LovLory. Lista: Nuevo registro. Tipo aceptación: Single Opt-In. Fecha origen: 2025-03-12 00:25:58.
Maika Bedos Beltran,,maikabedos16@gmail.com,yes,no,"newsletter, wordpress-import, nuevo-registro",Importado desde CSV original LovLory. Lista: Nuevo registro. Tipo aceptación: Single Opt-In. Fecha origen: 2025-03-12 00:25:58.
Anton Yurkov,,anton.yurkou@gmail.com,yes,no,"newsletter, wordpress-import, nuevo-registro",Importado desde CSV original LovLory. Lista: Nuevo registro. Tipo aceptación: Single Opt-In. Fecha origen: 2025-03-12 00:25:58.
Denisse Lozano Lopez,,deniisse48@gmail.com,yes,no,"newsletter, wordpress-import, nuevo-registro",Importado desde CSV original LovLory. Lista: Nuevo registro. Tipo aceptación: Single Opt-In. Fecha origen: 2025-03-12 00:25:58.
Jessica Copa Roca,,jecacopa@hotmail.com,yes,no,"newsletter, wordpress-import, nuevo-registro",Importado desde CSV original LovLory. Lista: Nuevo registro. Tipo aceptación: Single Opt-In. Fecha origen: 2025-03-12 00:25:58.
Andrea Poveda Romero,,andreapovedar@gmail.com,yes,no,"newsletter, wordpress-import, nuevo-registro",Importado desde CSV original LovLory. Lista: Nuevo registro. Tipo aceptación: Single Opt-In. Fecha origen: 2025-03-12 00:25:58.
Joana zoraida Serrat.fatsini,,joanazoraida19222600@gmail.com,yes,no,"newsletter, wordpress-import, nuevo-registro",Importado desde CSV original LovLory. Lista: Nuevo registro. Tipo aceptación: Single Opt-In. Fecha origen: 2025-03-12 00:25:58.
Elisabet Perpiña Pérez,,eli@aktiu.com,yes,no,"newsletter, wordpress-import, nuevo-registro",Importado desde CSV original LovLory. Lista: Nuevo registro. Tipo aceptación: Single Opt-In. Fecha origen: 2025-03-12 00:25:58.
juanjo Gasulla villarroya,,juanjogasulla74@gmail.com,yes,no,"newsletter, wordpress-import, nuevo-registro",Importado desde CSV original LovLory. Lista: Nuevo registro. Tipo aceptación: Single Opt-In. Fecha origen: 2025-03-12 00:25:58.
Associació de Dones de Gandesa La dona Gandesana,,assdonagandesana@gmail.com,yes,no,"newsletter, wordpress-import, nuevo-registro",Importado desde CSV original LovLory. Lista: Nuevo registro. Tipo aceptación: Single Opt-In. Fecha origen: 2025-03-12 00:25:58.
Laura Aliaga,,ururita@hotmail.com,yes,no,"newsletter, wordpress-import, nuevo-registro",Importado desde CSV original LovLory. Lista: Nuevo registro. Tipo aceptación: Single Opt-In. Fecha origen: 2025-03-12 00:25:58.
Dorin Pirvu,,pirvu.dorin96@gmail.com,yes,no,"newsletter, wordpress-import, nuevo-registro",Importado desde CSV original LovLory. Lista: Nuevo registro. Tipo aceptación: Single Opt-In. Fecha origen: 2025-03-12 00:25:58.
Erica Baires,,ericabaires75@gmail.com,yes,no,"newsletter, wordpress-import, nuevo-registro",Importado desde CSV original LovLory. Lista: Nuevo registro. Tipo aceptación: Single Opt-In. Fecha origen: 2025-03-12 00:25:58.
Ivan Castro,,ivanjo0618@hotmail.com,yes,no,"newsletter, wordpress-import, nuevo-registro",Importado desde CSV original LovLory. Lista: Nuevo registro. Tipo aceptación: Single Opt-In. Fecha origen: 2025-03-12 00:25:58.
Maria Jerús,Cervera Monllau,mariajesus@apasa.org,yes,no,"newsletter, wordpress-import, nuevo-registro",Importado desde CSV original LovLory. Lista: Nuevo registro. Tipo aceptación: Double Opt-In. Fecha origen: 2025-03-12 00:49:47.
Juanjo,,gatodeluna13@hotmail.com,yes,no,"newsletter, wordpress-import, nuevo-subscriptor",Importado desde CSV original LovLory. Lista: Nuevo subscriptor. Tipo aceptación: Double Opt-In. Fecha origen: 2025-03-15 15:12:03.
Juan,Jose Rodríguez,juanjose.rodriguez2017@gmail.com,yes,no,"newsletter, wordpress-import, subscriptos-al-blog",Importado desde CSV original LovLory. Lista: Subscriptos al blog. Tipo aceptación: Double Opt-In. Fecha origen: 2025-06-16 00:23:32.
Adrián,Zapata Barreta,adrian.zapata.barrera@gmail.com,yes,no,"newsletter, wordpress-import, subscriptos-al-blog",Importado desde CSV original LovLory. Lista: Subscriptos al blog. Tipo aceptación: Double Opt-In. Fecha origen: 2025-10-16 11:59:33.
Miguel,Barona,miguelangelbarona187@gmail.com,yes,no,"newsletter, wordpress-import, subscriptos-al-blog",Importado desde CSV original LovLory. Lista: Subscriptos al blog. Tipo aceptación: Double Opt-In. Fecha origen: 2025-11-26 20:40:08.
Jorge,Juan Durán Rubiales,pirates@hotmail.com,yes,no,"newsletter, wordpress-import, subscriptos-al-blog",Importado desde CSV original LovLory. Lista: Subscriptos al blog. Tipo aceptación: Double Opt-In. Fecha origen: 2025-12-26 18:22:37.
erka06tena,,erka06tena@gmail.com,yes,no,"newsletter, wordpress-import, subscriptos-al-blog",Importado desde CSV original LovLory. Lista: Subscriptos al blog. Tipo aceptación: Double Opt-In. Fecha origen: 2026-05-27 21:38:35.
